CP;Seccion_TOTAL;Distrito;Seccion Censal;Media_renta_Hogar
08019;0801901001;01;001;42658
08019;0801901002;01;002;32672
08019;0801901003;01;003;35938
08019;0801901004;01;004;41877
08019;0801901005;01;005;33004
08019;0801901006;01;006;38981
08019;0801901007;01;007;38052
08019;0801901008;01;008;30205
08019;0801901009;01;009;36196
08019;0801901010;01;010;35587
08019;0801901011;01;011;31983
08019;0801901012;01;012;39533
08019;0801901013;01;013;42749
08019;0801901014;01;014;40319
08019;0801901015;01;015;39525
08019;0801901016;01;016;40824
08019;0801901017;01;017;35270
08019;0801901018;01;018;37667
08019;0801901019;01;019;36568
08019;0801901020;01;020;51269
08019;0801901021;01;021;48574
08019;0801901022;01;022;64077
08019;0801901023;01;023;51440
08019;0801901025;01;025;46969
08019;0801901026;01;026;53131
08019;0801901027;01;027;45629
08019;0801901028;01;028;44706
08019;0801901029;01;029;43682
08019;0801901030;01;030;43585
08019;0801901031;01;031;40945
08019;0801901032;01;032;41427
08019;0801901033;01;033;36855
08019;0801901034;01;034;36820
08019;0801901035;01;035;36906
08019;0801901036;01;036;42877
08019;0801901037;01;037;43164
08019;0801901038;01;038;34200
08019;0801901039;01;039;44270
08019;0801901040;01;040;43095
08019;0801901041;01;041;36358
08019;0801901042;01;042;43491
08019;0801901043;01;043;58739
08019;0801901044;01;044;52421
08019;0801901045;01;045;43639
08019;0801901046;01;046;46075
08019;0801901047;01;047;41138
08019;0801901048;01;048;34699
08019;0801901049;01;049;53559
08019;0801901050;01;050;43808
08019;0801901051;01;051;39305
08019;0801901052;01;052;66010
08019;0801901053;01;053;36479
08019;0801901054;01;054;41399
08019;0801901055;01;055;56992
08019;;02;;68378
08019;0801902001;02;001;58807
08019;0801902002;02;002;60690
08019;0801902003;02;003;67232
08019;0801902004;02;004;59687
08019;0801902005;02;005;67159
08019;0801902006;02;006;70030
08019;0801902007;02;007;74911
08019;0801902008;02;008;72673
08019;0801902009;02;009;68180
08019;0801902010;02;010;66060
08019;0801902011;02;011;64423
08019;0801902012;02;012;53412
08019;0801902013;02;013;52225
08019;0801902014;02;014;52763
08019;0801902015;02;015;54554
08019;0801902016;02;016;67079
08019;0801902017;02;017;73438
08019;0801902018;02;018;69319
08019;0801902019;02;019;62684
08019;0801902020;02;020;57885
08019;0801902021;02;021;54560
08019;0801902022;02;022;62233
08019;0801902023;02;023;58083
08019;0801902024;02;024;54118
08019;0801902025;02;025;51101
08019;0801902026;02;026;57474
08019;0801902027;02;027;58469
08019;0801902028;02;028;58377
08019;0801902029;02;029;62048
08019;0801902030;02;030;55042
08019;0801902031;02;031;62442
08019;0801902032;02;032;57345
08019;0801902033;02;033;55970
08019;0801902034;02;034;49425
08019;0801902035;02;035;57160
08019;0801902036;02;036;65306
08019;0801902037;02;037;69923
08019;0801902038;02;038;70254
08019;0801902039;02;039;57573
08019;0801902040;02;040;50875
08019;0801902041;02;041;56291
08019;0801902042;02;042;67838
08019;0801902043;02;043;65663
08019;0801902044;02;044;54412
08019;0801902045;02;045;65161
08019;0801902046;02;046;55735
08019;0801902047;02;047;61463
08019;0801902048;02;048;59416
08019;0801902049;02;049;53070
08019;0801902050;02;050;55721
08019;0801902051;02;051;56139
08019;0801902052;02;052;61479
08019;0801902053;02;053;60067
08019;0801902054;02;054;63486
08019;0801902055;02;055;66593
08019;0801902056;02;056;68615
08019;0801902057;02;057;86306
08019;0801902058;02;058;77086
08019;0801902059;02;059;84864
08019;0801902060;02;060;74381
08019;0801902061;02;061;63497
08019;0801902062;02;062;86563
08019;0801902063;02;063;104827
08019;0801902064;02;064;101226
08019;0801902065;02;065;73131
08019;0801902066;02;066;69957
08019;0801902067;02;067;60997
08019;0801902068;02;068;68396
08019;0801902069;02;069;78216
08019;0801902070;02;070;80527
08019;0801902071;02;071;85634
08019;0801902072;02;072;97984
08019;0801902073;02;073;87099
08019;0801902074;02;074;96816
08019;0801902075;02;075;79876
08019;0801902076;02;076;103166
08019;0801902077;02;077;89055
08019;0801902078;02;078;93436
08019;0801902079;02;079;109687
08019;0801902080;02;080;104802
08019;0801902081;02;081;92902
08019;0801902082;02;082;97784
08019;0801902083;02;083;106805
08019;0801902084;02;084;79362
08019;0801902085;02;085;77977
08019;0801902086;02;086;94590
08019;0801902087;02;087;77271
08019;0801902088;02;088;82863
08019;0801902089;02;089;79234
08019;0801902090;02;090;73270
08019;0801902091;02;091;75923
08019;0801902092;02;092;67604
08019;0801902093;02;093;76196
08019;0801902094;02;094;71098
08019;0801902095;02;095;76558
08019;0801902096;02;096;65903
08019;0801902097;02;097;64369
08019;0801902098;02;098;68352
08019;0801902099;02;099;86137
08019;0801902100;02;100;67880
08019;0801902101;02;101;68523
08019;0801902102;02;102;81245
08019;0801902103;02;103;56307
08019;0801902104;02;104;79327
08019;0801902105;02;105;63977
08019;0801902106;02;106;83071
08019;0801902107;02;107;86089
08019;0801902108;02;108;89400
08019;0801902109;02;109;92591
08019;0801902110;02;110;66550
08019;0801902111;02;111;69107
08019;0801902112;02;112;85013
08019;0801902113;02;113;85431
08019;0801902114;02;114;64631
08019;0801902115;02;115;67947
08019;0801902116;02;116;81728
08019;0801902117;02;117;67141
08019;0801902118;02;118;79094
08019;0801902119;02;119;69976
08019;0801902120;02;120;62647
08019;0801902121;02;121;70413
08019;0801902122;02;122;77221
08019;0801902123;02;123;61871
08019;0801902124;02;124;72162
08019;0801902125;02;125;68056
08019;0801902126;02;126;73325
08019;0801902127;02;127;61415
08019;0801902128;02;128;56400
08019;0801902129;02;129;65641
08019;0801902130;02;130;103029
08019;0801902131;02;131;61548
08019;0801902132;02;132;66912
08019;0801902133;02;133;65386
08019;0801902134;02;134;60899
08019;0801902135;02;135;56244
08019;0801902136;02;136;64295
08019;0801902137;02;137;58189
08019;0801902138;02;138;69673
08019;0801902139;02;139;61519
08019;0801902140;02;140;60672
08019;0801902141;02;141;61583
08019;0801902142;02;142;56707
08019;0801902143;02;143;64741
08019;0801902144;02;144;72815
08019;0801902145;02;145;66510
08019;0801902146;02;146;65547
08019;0801902147;02;147;60186
08019;0801902148;02;148;64199
08019;0801902149;02;149;62947
08019;0801902150;02;150;56973
08019;0801902151;02;151;63863
08019;0801902152;02;152;67223
08019;0801902153;02;153;66041
08019;0801902154;02;154;52974
08019;0801902155;02;155;56948
08019;0801902156;02;156;59520
08019;0801902157;02;157;55788
08019;0801902158;02;158;60522
08019;0801902159;02;159;65160
08019;0801902160;02;160;67116
08019;0801902161;02;161;60254
08019;0801902162;02;162;56231
08019;0801902163;02;163;63713
08019;0801902164;02;164;62505
08019;0801902165;02;165;65320
08019;0801902166;02;166;58606
08019;0801902167;02;167;64438
08019;0801902168;02;168;56644
08019;0801902169;02;169;55712
08019;0801902170;02;170;62100
08019;0801902171;02;171;52923
08019;0801902172;02;172;51599
08019;0801902173;02;173;56562
08019;;03;;50794
08019;0801903001;03;001;49167
08019;0801903002;03;002;42520
08019;0801903003;03;003;44783
08019;0801903004;03;004;50376
08019;0801903005;03;005;44588
08019;0801903006;03;006;47625
08019;0801903007;03;007;45373
08019;0801903008;03;008;41445
08019;0801903009;03;009;49424
08019;0801903010;03;010;45953
08019;0801903011;03;011;39019
08019;0801903012;03;012;45257
08019;0801903013;03;013;41936
08019;0801903014;03;014;42523
08019;0801903015;03;015;45970
08019;0801903016;03;016;48205
08019;0801903017;03;017;44597
08019;0801903018;03;018;48668
08019;0801903019;03;019;44834
08019;0801903020;03;020;53678
08019;0801903021;03;021;49505
08019;0801903022;03;022;49161
08019;0801903023;03;023;43564
08019;0801903024;03;024;45312
08019;0801903025;03;025;42100
08019;0801903026;03;026;43242
08019;0801903027;03;027;46745
08019;0801903028;03;028;58627
08019;0801903029;03;029;43403
08019;0801903030;03;030;46395
08019;0801903031;03;031;44126
08019;0801903032;03;032;38674
08019;0801903033;03;033;36596
08019;0801903034;03;034;46157
08019;0801903035;03;035;50420
08019;0801903036;03;036;54182
08019;0801903037;03;037;51101
08019;0801903038;03;038;38976
08019;0801903039;03;039;35748
08019;0801903040;03;040;55880
08019;0801903041;03;041;53790
08019;0801903042;03;042;51079
08019;0801903043;03;043;54043
08019;0801903044;03;044;50371
08019;0801903045;03;045;51146
08019;0801903046;03;046;64349
08019;0801903047;03;047;49336
08019;0801903048;03;048;58042
08019;0801903049;03;049;52189
08019;0801903050;03;050;54529
08019;0801903051;03;051;46181
08019;0801903052;03;052;52025
08019;0801903053;03;053;49603
08019;0801903054;03;054;55077
08019;0801903055;03;055;50266
08019;0801903056;03;056;46554
08019;0801903057;03;057;48456
08019;0801903058;03;058;70001
08019;0801903059;03;059;47557
08019;0801903060;03;060;54713
08019;0801903061;03;061;44830
08019;0801903062;03;062;48597
08019;0801903063;03;063;54779
08019;0801903064;03;064;55458
08019;0801903065;03;065;56845
08019;0801903066;03;066;51812
08019;0801903067;03;067;54737
08019;0801903068;03;068;44342
08019;0801903069;03;069;57022
08019;0801903070;03;070;44288
08019;0801903071;03;071;42882
08019;0801903072;03;072;44075
08019;0801903073;03;073;53721
08019;0801903074;03;074;50602
08019;0801903075;03;075;51125
08019;0801903076;03;076;46701
08019;0801903077;03;077;50521
08019;0801903078;03;078;48236
08019;0801903079;03;079;47520
08019;0801903080;03;080;50432
08019;0801903081;03;081;54676
08019;0801903082;03;082;58694
08019;0801903083;03;083;55578
08019;0801903084;03;084;56230
08019;0801903085;03;085;56687
08019;0801903086;03;086;69614
08019;0801903087;03;087;64857
08019;0801903088;03;088;55116
08019;0801903089;03;089;58503
08019;0801903090;03;090;66876
08019;0801903091;03;091;63026
08019;0801903092;03;092;56545
08019;0801903093;03;093;59714
08019;0801903094;03;094;55341
08019;0801903095;03;095;54121
08019;0801903096;03;096;51977
08019;0801903097;03;097;40858
08019;0801903098;03;098;48871
08019;0801903099;03;099;48822
08019;0801903100;03;100;50625
08019;0801903101;03;101;49458
08019;0801903102;03;102;53801
08019;0801903103;03;103;50081
08019;0801903104;03;104;50768
08019;0801903105;03;105;49540
08019;0801903106;03;106;51231
08019;0801903107;03;107;55893
08019;0801903108;03;108;52991
08019;0801903109;03;109;57105
08019;0801903110;03;110;54373
08019;0801903111;03;111;56537
08019;0801903112;03;112;65852
08019;0801903113;03;113;78447
08019;0801903114;03;114;72352
08019;0801903211;03;211;56471
08019;0801903212;03;212;44815
08019;0801903213;03;213;41106
08019;;04;;87249
08019;0801904001;04;001;68076
08019;0801904002;04;002;77101
08019;0801904003;04;003;71312
08019;0801904004;04;004;64693
08019;0801904005;04;005;63906
08019;0801904006;04;006;68681
08019;0801904007;04;007;54649
08019;0801904008;04;008;54452
08019;0801904009;04;009;62351
08019;0801904010;04;010;82461
08019;0801904011;04;011;81652
08019;0801904012;04;012;71136
08019;0801904013;04;013;81440
08019;0801904014;04;014;80690
08019;0801904015;04;015;71420
08019;0801904016;04;016;77378
08019;0801904017;04;017;77174
08019;0801904018;04;018;85655
08019;0801904019;04;019;109545
08019;0801904020;04;020;93838
08019;0801904021;04;021;93571
08019;0801904022;04;022;71600
08019;0801904023;04;023;142640
08019;0801904024;04;024;145832
08019;0801904025;04;025;74849
08019;0801904026;04;026;74156
08019;0801904027;04;027;76043
08019;0801904028;04;028;68214
08019;0801904029;04;029;88721
08019;0801904030;04;030;85731
08019;0801904031;04;031;69444
08019;0801904032;04;032;63387
08019;0801904033;04;033;58195
08019;0801904034;04;034;85205
08019;0801904035;04;035;70532
08019;0801904036;04;036;61694
08019;0801904037;04;037;65970
08019;0801904038;04;038;65571
08019;0801904039;04;039;62532
08019;0801904040;04;040;52451
08019;0801904041;04;041;51987
08019;0801904042;04;042;49540
08019;0801904043;04;043;79039
08019;0801904044;04;044;60801
08019;0801904045;04;045;60216
08019;0801904046;04;046;90446
08019;0801904047;04;047;77895
08019;0801904048;04;048;78045
08019;0801904049;04;049;113395
08019;0801904050;04;050;153137
08019;0801904051;04;051;89903
08019;0801904052;04;052;153137
08019;0801904053;04;053;110528
08019;0801904054;04;054;135418
08019;0801904055;04;055;153137
08019;0801904056;04;056;153137
08019;0801904084;04;084;89858
08019;;05;;122083
08019;0801905001;05;001;67146
08019;0801905002;05;002;127069
08019;0801905003;05;003;118790
08019;0801905004;05;004;153137
08019;0801905005;05;005;144723
08019;0801905006;05;006;153137
08019;0801905007;05;007;139004
08019;0801905008;05;008;142598
08019;0801905009;05;009;102977
08019;0801905010;05;010;101018
08019;0801905011;05;011;101991
08019;0801905012;05;012;87271
08019;0801905013;05;013;91764
08019;0801905014;05;014;115731
08019;0801905015;05;015;104299
08019;0801905016;05;016;83754
08019;0801905017;05;017;153137
08019;0801905018;05;018;95344
08019;0801905019;05;019;140644
08019;0801905020;05;020;121522
08019;0801905021;05;021;153137
08019;0801905022;05;022;153137
08019;0801905023;05;023;84544
08019;0801905024;05;024;153137
08019;0801905025;05;025;153137
08019;0801905026;05;026;153137
08019;0801905027;05;027;153137
08019;0801905028;05;028;147394
08019;0801905029;05;029;153137
08019;0801905030;05;030;153137
08019;0801905031;05;031;153137
08019;0801905032;05;032;153137
08019;0801905033;05;033;140398
08019;0801905034;05;034;100708
08019;0801905035;05;035;153137
08019;0801905036;05;036;146808
08019;0801905037;05;037;88874
08019;0801905038;05;038;76693
08019;0801905039;05;039;136857
08019;0801905040;05;040;83116
08019;0801905041;05;041;93051
08019;0801905042;05;042;96240
08019;0801905043;05;043;85403
08019;0801905044;05;044;94033
08019;0801905045;05;045;136915
08019;0801905046;05;046;153137
08019;0801905047;05;047;143451
08019;0801905048;05;048;135667
08019;0801905049;05;049;153137
08019;0801905050;05;050;106754
08019;0801905051;05;051;153137
08019;0801905052;05;052;153137
08019;0801905053;05;053;153137
08019;0801905054;05;054;153137
08019;0801905055;05;055;153137
08019;0801905056;05;056;130213
08019;0801905057;05;057;153137
08019;0801905058;05;058;153137
08019;0801905059;05;059;123113
08019;0801905060;05;060;153137
08019;0801905061;05;061;82288
08019;0801905062;05;062;125249
08019;0801905063;05;063;119789
08019;0801905064;05;064;105027
08019;0801905065;05;065;99633
08019;0801905066;05;066;132184
08019;0801905067;05;067;112803
08019;0801905068;05;068;95505
08019;0801905069;05;069;97485
08019;0801905070;05;070;90026
08019;0801905071;05;071;82807
08019;0801905072;05;072;102386
08019;0801905073;05;073;89553
08019;0801905074;05;074;112973
08019;0801905075;05;075;91752
08019;0801905076;05;076;99223
08019;0801905077;05;077;126221
08019;0801905078;05;078;112510
08019;0801905079;05;079;105389
08019;0801905080;05;080;79438
08019;0801905081;05;081;81131
08019;0801905082;05;082;73516
08019;0801905083;05;083;77053
08019;0801905084;05;084;78920
08019;0801905085;05;085;73186
08019;0801905086;05;086;79691
08019;0801905087;05;087;79275
08019;0801905088;05;088;87106
08019;0801905089;05;089;87788
08019;0801905090;05;090;73549
08019;0801905091;05;091;81330
08019;0801905092;05;092;129725
08019;0801905093;05;093;93811
08019;0801905094;05;094;115679
08019;0801905095;05;095;74375
08019;0801905096;05;096;67818
08019;0801905097;05;097;88024
08019;0801905098;05;098;75346
08019;;06;;63115
08019;0801906001;06;001;62984
08019;0801906002;06;002;58288
08019;0801906003;06;003;58473
08019;0801906004;06;004;62601
08019;0801906006;06;006;96178
08019;0801906007;06;007;74144
08019;0801906008;06;008;62572
08019;0801906009;06;009;104954
08019;0801906010;06;010;79281
08019;0801906011;06;011;74795
08019;0801906012;06;012;85143
08019;0801906013;06;013;61443
08019;0801906014;06;014;54961
08019;0801906015;06;015;52418
08019;0801906016;06;016;47948
08019;0801906017;06;017;53869
08019;0801906018;06;018;58101
08019;0801906019;06;019;61501
08019;0801906020;06;020;62661
08019;0801906021;06;021;75398
08019;0801906022;06;022;66938
08019;0801906023;06;023;83118
08019;0801906024;06;024;65457
08019;0801906025;06;025;67568
08019;0801906026;06;026;63509
08019;0801906027;06;027;71644
08019;0801906028;06;028;57473
08019;0801906029;06;029;62803
08019;0801906030;06;030;54752
08019;0801906031;06;031;56038
08019;0801906032;06;032;56024
08019;0801906033;06;033;60003
08019;0801906034;06;034;52573
08019;0801906035;06;035;76032
08019;0801906036;06;036;68114
08019;0801906037;06;037;67914
08019;0801906038;06;038;60808
08019;0801906039;06;039;55453
08019;0801906040;06;040;65474
08019;0801906041;06;041;73473
08019;0801906042;06;042;78121
08019;0801906043;06;043;70266
08019;0801906044;06;044;89867
08019;0801906045;06;045;62412
08019;0801906046;06;046;57794
08019;0801906047;06;047;51854
08019;0801906048;06;048;56616
08019;0801906049;06;049;62385
08019;0801906050;06;050;51013
08019;0801906051;06;051;57940
08019;0801906052;06;052;56113
08019;0801906053;06;053;60989
08019;0801906054;06;054;53845
08019;0801906055;06;055;58250
08019;0801906056;06;056;56046
08019;0801906057;06;057;49723
08019;0801906058;06;058;58129
08019;0801906059;06;059;53435
08019;0801906060;06;060;54728
08019;0801906061;06;061;57286
08019;0801906062;06;062;54649
08019;0801906063;06;063;56663
08019;0801906064;06;064;64469
08019;0801906065;06;065;70730
08019;0801906066;06;066;55903
08019;0801906067;06;067;58625
08019;0801906068;06;068;70881
08019;0801906069;06;069;65820
08019;0801906070;06;070;58545
08019;0801906071;06;071;69494
08019;0801906072;06;072;73390
08019;0801906073;06;073;60097
08019;0801906074;06;074;62961
08019;0801906075;06;075;73933
08019;0801906076;06;076;65443
08019;0801906077;06;077;56186
08019;0801906078;06;078;53004
08019;0801906079;06;079;58787
08019;0801906080;06;080;58978
08019;0801906081;06;081;57591
08019;0801906082;06;082;63752
08019;0801906083;06;083;64794
08019;0801906084;06;084;60000
08019;0801906085;06;085;66027
08019;0801906086;06;086;74629
08019;0801906087;06;087;68443
08019;0801906088;06;088;62906
08019;;07;;51870
08019;0801907001;07;001;67102
08019;0801907002;07;002;46290
08019;0801907003;07;003;60373
08019;0801907004;07;004;52227
08019;0801907005;07;005;50615
08019;0801907006;07;006;59313
08019;0801907007;07;007;53459
08019;0801907008;07;008;62098
08019;0801907009;07;009;51799
08019;0801907010;07;010;61569
08019;0801907011;07;011;52510
08019;0801907012;07;012;49584
08019;0801907013;07;013;62297
08019;0801907014;07;014;48448
08019;0801907015;07;015;56408
08019;0801907016;07;016;68140
08019;0801907017;07;017;56468
08019;0801907018;07;018;57295
08019;0801907019;07;019;59747
08019;0801907020;07;020;55782
08019;0801907021;07;021;69456
08019;0801907022;07;022;56659
08019;0801907023;07;023;43657
08019;0801907024;07;024;48151
08019;0801907025;07;025;48871
08019;0801907026;07;026;50019
08019;0801907027;07;027;54292
08019;0801907028;07;028;52669
08019;0801907029;07;029;58252
08019;0801907030;07;030;46308
08019;0801907031;07;031;46896
08019;0801907032;07;032;54603
08019;0801907033;07;033;57650
08019;0801907034;07;034;64254
08019;0801907035;07;035;63450
08019;0801907036;07;036;62888
08019;0801907037;07;037;55354
08019;0801907038;07;038;52927
08019;0801907039;07;039;58298
08019;0801907040;07;040;53431
08019;0801907041;07;041;48879
08019;0801907042;07;042;52116
08019;0801907043;07;043;54596
08019;0801907044;07;044;55831
08019;0801907045;07;045;53951
08019;0801907046;07;046;50031
08019;0801907047;07;047;51902
08019;0801907048;07;048;52632
08019;0801907049;07;049;51063
08019;0801907050;07;050;50708
08019;0801907051;07;051;54668
08019;0801907052;07;052;73887
08019;0801907053;07;053;61144
08019;0801907054;07;054;82213
08019;0801907055;07;055;100443
08019;0801907056;07;056;62831
08019;0801907057;07;057;65615
08019;0801907058;07;058;59062
08019;0801907059;07;059;41315
08019;0801907060;07;060;43048
08019;0801907061;07;061;44090
08019;0801907062;07;062;43874
08019;0801907063;07;063;37497
08019;0801907064;07;064;39576
08019;0801907065;07;065;34910
08019;0801907066;07;066;37764
08019;0801907067;07;067;38744
08019;0801907068;07;068;35774
08019;0801907069;07;069;36045
08019;0801907070;07;070;40697
08019;0801907071;07;071;44508
08019;0801907072;07;072;46208
08019;0801907073;07;073;36911
08019;0801907074;07;074;37970
08019;0801907075;07;075;39624
08019;0801907076;07;076;38664
08019;0801907077;07;077;39192
08019;0801907078;07;078;40943
08019;0801907079;07;079;38353
08019;0801907080;07;080;42434
08019;0801907081;07;081;45490
08019;0801907082;07;082;42347
08019;0801907083;07;083;41740
08019;0801907084;07;084;42363
08019;0801907085;07;085;47899
08019;0801907086;07;086;44893
08019;0801907087;07;087;45974
08019;0801907088;07;088;48089
08019;0801907089;07;089;57266
08019;0801907090;07;090;49185
08019;0801907091;07;091;48391
08019;0801907092;07;092;37422
08019;0801907093;07;093;45201
08019;0801907094;07;094;48577
08019;0801907095;07;095;50097
08019;0801907096;07;096;44986
08019;0801907097;07;097;53698
08019;0801907098;07;098;75883
08019;0801907099;07;099;59751
08019;0801907100;07;100;49712
08019;0801907101;07;101;51689
08019;0801907102;07;102;54643
08019;0801907103;07;103;49815
08019;0801907104;07;104;44088
08019;0801907105;07;105;56870
08019;0801907106;07;106;57159
08019;0801907107;07;107;65817
08019;0801907108;07;108;56936
08019;0801907109;07;109;42022
08019;0801907110;07;110;58580
08019;0801907111;07;111;65105
08019;0801907112;07;112;58283
08019;0801907113;07;113;49301
08019;0801907114;07;114;57825
08019;0801907115;07;115;67981
08019;0801907116;07;116;52565
08019;0801907117;07;117;52798
08019;0801907118;07;118;52464
08019;0801907119;07;119;48943
08019;0801907120;07;120;48593
08019;0801907121;07;121;45638
08019;0801907122;07;122;51515
08019;0801907123;07;123;55884
08019;;08;;41999
08019;0801908001;08;001;47065
08019;0801908002;08;002;53647
08019;0801908003;08;003;47077
08019;0801908004;08;004;47381
08019;0801908005;08;005;50469
08019;0801908006;08;006;53891
08019;0801908007;08;007;51997
08019;0801908008;08;008;52227
08019;0801908009;08;009;48204
08019;0801908010;08;010;55482
08019;0801908011;08;011;59141
08019;0801908012;08;012;48777
08019;0801908013;08;013;50123
08019;0801908014;08;014;47089
08019;0801908015;08;015;42321
08019;0801908016;08;016;47953
08019;0801908017;08;017;51290
08019;0801908018;08;018;49818
08019;0801908019;08;019;46185
08019;0801908020;08;020;46353
08019;0801908021;08;021;48951
08019;0801908022;08;022;49668
08019;0801908023;08;023;44708
08019;0801908024;08;024;46206
08019;0801908025;08;025;41627
08019;0801908026;08;026;51017
08019;0801908027;08;027;53461
08019;0801908028;08;028;42658
08019;0801908029;08;029;37762
08019;0801908030;08;030;45159
08019;0801908031;08;031;45288
08019;0801908032;08;032;47559
08019;0801908033;08;033;40915
08019;0801908034;08;034;37270
08019;0801908035;08;035;38395
08019;0801908036;08;036;36640
08019;0801908037;08;037;43425
08019;0801908038;08;038;42795
08019;0801908039;08;039;40342
08019;0801908040;08;040;37861
08019;0801908041;08;041;34959
08019;0801908042;08;042;47443
08019;0801908043;08;043;39403
08019;0801908044;08;044;37625
08019;0801908045;08;045;38283
08019;0801908046;08;046;38876
08019;0801908047;08;047;36390
08019;0801908048;08;048;27607
08019;0801908049;08;049;34668
08019;0801908050;08;050;55667
08019;0801908051;08;051;55843
08019;0801908052;08;052;45433
08019;0801908053;08;053;54176
08019;0801908054;08;054;45405
08019;0801908055;08;055;61581
08019;0801908056;08;056;44495
08019;0801908057;08;057;47504
08019;0801908058;08;058;41444
08019;0801908059;08;059;42963
08019;0801908060;08;060;47979
08019;0801908061;08;061;41261
08019;0801908062;08;062;47373
08019;0801908063;08;063;54774
08019;0801908064;08;064;43556
08019;0801908065;08;065;38377
08019;0801908066;08;066;33752
08019;0801908067;08;067;40798
08019;0801908068;08;068;35635
08019;0801908069;08;069;36702
08019;0801908070;08;070;34384
08019;0801908071;08;071;37899
08019;0801908072;08;072;41122
08019;0801908073;08;073;30703
08019;0801908074;08;074;34588
08019;0801908075;08;075;37432
08019;0801908076;08;076;38556
08019;0801908077;08;077;34797
08019;0801908078;08;078;33715
08019;0801908079;08;079;35367
08019;0801908080;08;080;38399
08019;0801908081;08;081;36556
08019;0801908082;08;082;37836
08019;0801908083;08;083;40058
08019;0801908084;08;084;41938
08019;0801908085;08;085;40225
08019;0801908086;08;086;41222
08019;0801908087;08;087;39580
08019;0801908088;08;088;41118
08019;0801908089;08;089;40192
08019;0801908090;08;090;42316
08019;0801908091;08;091;41309
08019;0801908092;08;092;44262
08019;0801908093;08;093;41021
08019;0801908094;08;094;41321
08019;0801908095;08;095;53228
08019;0801908096;08;096;44894
08019;0801908097;08;097;40647
08019;0801908098;08;098;39978
08019;0801908099;08;099;37747
08019;0801908100;08;100;38083
08019;0801908101;08;101;41059
08019;0801908102;08;102;34565
08019;0801908103;08;103;29237
08019;0801908104;08;104;32957
08019;0801908105;08;105;36020
08019;0801908106;08;106;35731
08019;0801908107;08;107;35093
08019;0801908108;08;108;36921
08019;0801908109;08;109;36892
08019;0801908110;08;110;29699
08019;0801908111;08;111;32058
08019;0801908112;08;112;34282
08019;0801908113;08;113;33207
08019;0801908114;08;114;35992
08019;0801908115;08;115;34184
08019;0801908116;08;116;36506
08019;0801908215;08;215;52237
08019;;09;;52249
08019;0801909001;09;001;33855
08019;0801909002;09;002;35425
08019;0801909003;09;003;35219
08019;0801909004;09;004;41199
08019;0801909005;09;005;47210
08019;0801909006;09;006;35920
08019;0801909007;09;007;32576
08019;0801909008;09;008;80070
08019;0801909009;09;009;51503
08019;0801909010;09;010;41422
08019;0801909011;09;011;35704
08019;0801909013;09;013;34843
08019;0801909014;09;014;38085
08019;0801909015;09;015;37631
08019;0801909016;09;016;51485
08019;0801909017;09;017;58725
08019;0801909018;09;018;51376
08019;0801909019;09;019;65127
08019;0801909020;09;020;55228
08019;0801909021;09;021;58760
08019;0801909022;09;022;63401
08019;0801909023;09;023;62508
08019;0801909024;09;024;54318
08019;0801909025;09;025;58841
08019;0801909026;09;026;57744
08019;0801909027;09;027;57316
08019;0801909028;09;028;77565
08019;0801909029;09;029;50619
08019;0801909030;09;030;58004
08019;0801909031;09;031;62387
08019;0801909032;09;032;46944
08019;0801909033;09;033;49021
08019;0801909034;09;034;42990
08019;0801909035;09;035;51189
08019;0801909036;09;036;55024
08019;0801909037;09;037;48860
08019;0801909038;09;038;58886
08019;0801909039;09;039;53819
08019;0801909040;09;040;64448
08019;0801909041;09;041;51879
08019;0801909042;09;042;56619
08019;0801909043;09;043;49122
08019;0801909044;09;044;56533
08019;0801909045;09;045;52771
08019;0801909046;09;046;56885
08019;0801909047;09;047;56738
08019;0801909048;09;048;51164
08019;0801909049;09;049;53344
08019;0801909050;09;050;56182
08019;0801909051;09;051;55400
08019;0801909052;09;052;54554
08019;0801909053;09;053;58182
08019;0801909054;09;054;55437
08019;0801909055;09;055;50313
08019;0801909056;09;056;52568
08019;0801909057;09;057;51698
08019;0801909058;09;058;58038
08019;0801909059;09;059;55581
08019;0801909060;09;060;51861
08019;0801909061;09;061;60508
08019;0801909062;09;062;56867
08019;0801909063;09;063;57817
08019;0801909064;09;064;57132
08019;0801909065;09;065;52443
08019;0801909066;09;066;58112
08019;0801909067;09;067;49055
08019;0801909068;09;068;56204
08019;0801909069;09;069;51581
08019;0801909070;09;070;38793
08019;0801909071;09;071;50104
08019;0801909072;09;072;40440
08019;0801909073;09;073;54461
08019;0801909074;09;074;50253
08019;0801909075;09;075;53457
08019;0801909076;09;076;48153
08019;0801909077;09;077;48753
08019;0801909078;09;078;54232
08019;0801909079;09;079;56105
08019;0801909080;09;080;54219
08019;0801909081;09;081;51436
08019;0801909082;09;082;54977
08019;0801909083;09;083;55778
08019;0801909084;09;084;59782
08019;0801909085;09;085;55636
08019;0801909086;09;086;56053
08019;0801909087;09;087;57978
08019;0801909088;09;088;45797
08019;0801909089;09;089;47903
08019;0801909090;09;090;49042
08019;0801909091;09;091;53895
08019;0801909092;09;092;54765
08019;0801909093;09;093;51476
08019;0801909094;09;094;55030
08019;0801909095;09;095;58016
08019;0801909156;09;156;48972
08019;;10;;56193
08019;0801910001;10;001;45863
08019;0801910002;10;002;51317
08019;0801910003;10;003;56728
08019;0801910004;10;004;52393
08019;0801910005;10;005;54753
08019;0801910006;10;006;56592
08019;0801910007;10;007;70273
08019;0801910008;10;008;52750
08019;0801910009;10;009;51787
08019;0801910010;10;010;51435
08019;0801910011;10;011;57568
08019;0801910012;10;012;57975
08019;0801910013;10;013;52429
08019;0801910014;10;014;54595
08019;0801910015;10;015;54423
08019;0801910016;10;016;58686
08019;0801910017;10;017;58185
08019;0801910018;10;018;51032
08019;0801910019;10;019;55747
08019;0801910020;10;020;47047
08019;0801910021;10;021;51094
08019;0801910022;10;022;53614
08019;0801910023;10;023;51799
08019;0801910024;10;024;59600
08019;0801910025;10;025;51171
08019;0801910026;10;026;60656
08019;0801910027;10;027;56945
08019;0801910028;10;028;57688
08019;0801910029;10;029;51914
08019;0801910030;10;030;54715
08019;0801910031;10;031;49350
08019;0801910032;10;032;62024
08019;0801910033;10;033;59343
08019;0801910034;10;034;52211
08019;0801910035;10;035;65408
08019;0801910036;10;036;71086
08019;0801910037;10;037;46341
08019;0801910038;10;038;56843
08019;0801910039;10;039;55558
08019;0801910040;10;040;56748
08019;0801910041;10;041;54889
08019;0801910042;10;042;55895
08019;0801910043;10;043;61368
08019;0801910044;10;044;58325
08019;0801910045;10;045;65573
08019;0801910046;10;046;58522
08019;0801910047;10;047;60669
08019;0801910048;10;048;64165
08019;0801910049;10;049;60184
08019;0801910050;10;050;65172
08019;0801910051;10;051;72027
08019;0801910052;10;052;94588
08019;0801910053;10;053;116081
08019;0801910054;10;054;101736
08019;0801910055;10;055;115815
08019;0801910056;10;056;55656
08019;0801910057;10;057;51098
08019;0801910058;10;058;51065
08019;0801910059;10;059;66666
08019;0801910060;10;060;60624
08019;0801910061;10;061;66771
08019;0801910062;10;062;66669
08019;0801910063;10;063;71688
08019;0801910064;10;064;64213
08019;0801910065;10;065;63613
08019;0801910066;10;066;66374
08019;0801910067;10;067;101712
08019;0801910068;10;068;77632
08019;0801910069;10;069;77529
08019;0801910070;10;070;55809
08019;0801910071;10;071;70740
08019;0801910072;10;072;63353
08019;0801910073;10;073;51333
08019;0801910074;10;074;55153
08019;0801910075;10;075;58782
08019;0801910076;10;076;62043
08019;0801910077;10;077;87196
08019;0801910078;10;078;90648
08019;0801910079;10;079;70467
08019;0801910080;10;080;116159
08019;0801910081;10;081;44365
08019;0801910082;10;082;30441
08019;0801910083;10;083;30158
08019;0801910084;10;084;34412
08019;0801910085;10;085;33114
08019;0801910086;10;086;35306
08019;0801910087;10;087;34567
08019;0801910088;10;088;48880
08019;0801910089;10;089;34794
08019;0801910090;10;090;40145
08019;0801910091;10;091;43402
08019;0801910092;10;092;53522
08019;0801910093;10;093;53556
08019;0801910094;10;094;64871
08019;0801910095;10;095;49872
08019;0801910096;10;096;70859
08019;0801910097;10;097;66965
08019;0801910098;10;098;66057
08019;0801910099;10;099;42554
08019;0801910100;10;100;45891
08019;0801910101;10;101;53976
08019;0801910102;10;102;46076
08019;0801910103;10;103;49869
08019;0801910104;10;104;61168
08019;0801910105;10;105;53011
08019;0801910106;10;106;48354
08019;0801910107;10;107;63894
08019;0801910108;10;108;46282
08019;0801910109;10;109;43952
08019;0801910110;10;110;45698
08019;0801910111;10;111;48599
08019;0801910112;10;112;59902
08019;0801910113;10;113;50947
08019;0801910114;10;114;42535
08019;0801910115;10;115;43951
08019;0801910116;10;116;40750
08019;0801910117;10;117;45477
08019;0801910118;10;118;61051
08019;0801910119;10;119;40610
08019;0801910120;10;120;44726
08019;0801910121;10;121;44569
08019;0801910122;10;122;57794
08019;0801910123;10;123;46363
08019;0801910124;10;124;52677
08019;0801910125;10;125;44963
08019;0801910126;10;126;51291
08019;0801910127;10;127;55849
08019;0801910128;10;128;50661
08019;0801910129;10;129;55535
08019;0801910130;10;130;47047
08019;0801910131;10;131;59918
08019;0801910132;10;132;45599
08019;0801910133;10;133;42052
08019;0801910134;10;134;39008
08019;0801910135;10;135;44120
08019;0801910136;10;136;44028
08019;0801910137;10;137;39418
08019;0801910138;10;138;38070
08019;0801910139;10;139;37734
08019;0801910140;10;140;40716
08019;0801910141;10;141;40262
08019;0801910142;10;142;38276
08019;0801910143;10;143;44319
08019;0801910234;10;234;51993
08019;0801910235;10;235;40688
08019;0801910236;10;236;43632
08019;0801910237;10;237;39284
